{
  "gauge": {
    "Alloc": 2957416,
    "BuckHashSys": 5507,
    "Frees": 75120,
    "GCCPUFraction": 0.0001592914480334559,
    "GCSys": 2252288,
    "HeapAlloc": 2957416,
    "HeapIdle": 2990080,
    "HeapInuse": 3710976,
    "HeapObjects": 1709,
    "HeapReleased": 1564672,
    "HeapSys": 6701056,
    "LastGC": 1745864505047208700,
    "Lookups": 0,
    "MCacheInuse": 14016,
    "MCacheSys": 16352,
    "MSpanInuse": 167200,
    "MSpanSys": 179520,
    "Mallocs": 76829,
    "NextGC": 4194304,
    "NumForcedGC": 0,
    "NumGC": 191,
    "OtherSys": 1417053,
    "PauseTotalNs": 5209800,
    "RandomValue": 0.6228726154604848,
    "StackInuse": 1638400,
    "StackSys": 1638400,
    "Sys": 12210176,
    "TotalAlloc": 470957848
  },
  "counter": {
    "PollCount": 2925560
  }
}