{
  "counters": {
    "PollCount": 27
  },
  "gauges": {
    "Alloc": 14597464,
    "BuckHashSys": 6476,
    "CPUutilization0": 7.751937984496124,
    "CPUutilization1": 0.78125,
    "CPUutilization10": 0,
    "CPUutilization11": 0,
    "CPUutilization2": 1.5625,
    "CPUutilization3": 1.5625,
    "CPUutilization4": 3.125,
    "CPUutilization5": 0.78125,
    "CPUutilization6": 0.78125,
    "CPUutilization7": 3.149606299212598,
    "CPUutilization8": 0,
    "CPUutilization9": 0,
    "FreeMemory": 8401534976,
    "Frees": 8004,
    "GCCPUFraction": 0.0006364658671236997,
    "GCSys": 2573360,
    "HeapAlloc": 14597464,
    "HeapIdle": 14598144,
    "HeapInuse": 16982016,
    "HeapObjects": 4559,
    "HeapReleased": 5292032,
    "HeapSys": 31580160,
    "LastGC": 1752920805499321300,
    "Lookups": 0,
    "MCacheInuse": 14016,
    "MCacheSys": 16352,
    "MSpanInuse": 146560,
    "MSpanSys": 146880,
    "Mallocs": 12563,
    "NextGC": 25355704,
    "NumForcedGC": 0,
    "NumGC": 11,
    "OtherSys": 2659556,
    "PauseTotalNs": 2802300,
    "RandomValue": 0.03504133517408654,
    "StackInuse": 1703936,
    "StackSys": 1703936,
    "Sys": 38686720,
    "TotalAlloc": 75292504,
    "TotalMemory": 17014034432
  }
}